{"lr-Adam": 0.001, "trainer/global_step": 2790, "_timestamp": 1733482915.7298365, "_runtime": 12524.90879535675, "_step": 1580, "train_loss_step": 2.425471544265747, "epoch": 10, "val_loss_step": 1.7217737436294556, "val_loss_epoch": 2.0643489360809326, "train_loss_epoch": 2.327794313430786, "train_wer_step": 0.3191952109336853, "val_loss": 2.379948377609253, "val_wer": 0.33627092838287354, "train_wer_epoch": 0.322865754365921, "train_penalty_loss_step": 0.009578081779181957, "train_cer_step": 0.4091282784938812, "val_penalty_loss": 0.009583472274243832, "val_cer": 0.43995746970176697, "val_symbol_acc": 0.11757660657167435, "val_relation_acc": 0.4784678518772125, "train_penalty_loss_epoch": 0.008181293494999409, "train_cer_epoch": 0.4043522775173187, "train_symbol_acc": 0.1475524604320526, "train_relation_acc": 0.5682027339935303, "test_loss": 2.2906501293182373, "test_penalty_loss": 0.007820451632142067, "test_cer": 0.4230770170688629, "test_symbol_acc": 0.1681557148694992, "test_relation_acc": 0.5252249240875244}